x,y,z
3.539808750152588,3.5368452072143555,3.941715955734253
3.5445077419281006,3.5363423824310303,3.9338510036468506
3.5445077419281006,3.5363423824310303,3.9338510036468506
3.5425865650177,3.54054856300354,3.944365978240967
3.5425865650177,3.54054856300354,3.944365978240967
3.54288649559021,3.539965867996216,3.941237449645996
3.5417423248291016,3.543062448501587,3.9477431774139404
3.5417423248291016,3.543062448501587,3.9477431774139404
3.5457050800323486,3.54197359085083,3.9407858848571777
3.5457050800323486,3.54197359085083,3.9407858848571777
3.549105405807495,3.549919605255127,3.9533209800720215
3.548441171646118,3.5420494079589844,3.941371440887451
3.548441171646118,3.5420494079589844,3.941371440887451
3.548859119415283,3.5426409244537354,3.9455807209014893
3.548859119415283,3.5426409244537354,3.9455807209014893
3.5497477054595947,3.5407180786132812,3.94199538230896
3.5483429431915283,3.5398004055023193,3.943784475326538
3.5483429431915283,3.5398004055023193,3.943784475326538
3.5444610118865967,3.5363357067108154,3.942512273788452
3.5444610118865967,3.5363357067108154,3.942512273788452
3.543828010559082,3.5387918949127197,3.948718786239624
3.545227289199829,3.5388498306274414,3.9485440254211426
3.545227289199829,3.5388498306274414,3.9485440254211426
3.5458309650421143,3.5390594005584717,3.951249122619629
3.5458309650421143,3.5390594005584717,3.951249122619629
3.5455639362335205,3.537572145462036,3.952572822570801
3.5461080074310303,3.5359866619110107,3.951172113418579
3.5461080074310303,3.5359866619110107,3.951172113418579
3.5482358932495117,3.535963296890259,3.9515016078948975
3.5482358932495117,3.535963296890259,3.9515016078948975
3.5485994815826416,3.5353786945343018,3.9516043663024902
3.547959089279175,3.5357577800750732,3.9542601108551025
3.547959089279175,3.5357577800750732,3.9542601108551025
3.5475401878356934,3.5370290279388428,3.9567251205444336
3.5475401878356934,3.5370290279388428,3.9567251205444336
3.547386884689331,3.5402638912200928,3.961073637008667
3.547398328781128,3.5411860942840576,3.9614450931549072
3.547398328781128,3.5411860942840576,3.9614450931549072
3.5477004051208496,3.5418078899383545,3.9631223678588867
3.5477004051208496,3.5418078899383545,3.9631223678588867
3.548142194747925,3.542466878890991,3.9639530181884766
3.5476605892181396,3.542908191680908,3.9644665718078613
3.5476605892181396,3.542908191680908,3.9644665718078613
3.5475993156433105,3.5443475246429443,3.9676642417907715
3.5475993156433105,3.5443475246429443,3.9676642417907715
3.5460917949676514,3.5441932678222656,3.969169855117798
3.544529914855957,3.5428082942962646,3.969862461090088
3.544529914855957,3.5428082942962646,3.969862461090088
3.5456173419952393,3.544499635696411,3.9734628200531006
3.5456173419952393,3.544499635696411,3.9734628200531006
3.5463967323303223,3.544344186782837,3.974144697189331
3.5468544960021973,3.5442800521850586,3.974608898162842
3.5468544960021973,3.5442800521850586,3.974608898162842
3.5473201274871826,3.543787956237793,3.9728941917419434
3.5473201274871826,3.543787956237793,3.9728941917419434
3.5477404594421387,3.5457763671875,3.9763433933258057
3.5473220348358154,3.5453033447265625,3.976074457168579
3.5473220348358154,3.5453033447265625,3.976074457168579
3.5460307598114014,3.5454723834991455,3.9775302410125732
3.5460307598114014,3.5454723834991455,3.9775302410125732
3.5437686443328857,3.545295000076294,3.9771859645843506
3.543975353240967,3.5433108806610107,3.975572347640991
3.543975353240967,3.5433108806610107,3.975572347640991
3.545957088470459,3.5405914783477783,3.971693515777588
3.545957088470459,3.5405914783477783,3.971693515777588
3.549745798110962,3.5359103679656982,3.9642341136932373
3.548520088195801,3.534764051437378,3.9655301570892334
3.548520088195801,3.534764051437378,3.9655301570892334
3.546549081802368,3.536630868911743,3.9709434509277344
3.546549081802368,3.536630868911743,3.9709434509277344
3.5436155796051025,3.5395917892456055,3.9781665802001953
3.543863296508789,3.5424654483795166,3.9817333221435547
3.543863296508789,3.5424654483795166,3.9817333221435547
3.5420615673065186,3.543199062347412,3.984846591949463
3.5420615673065186,3.543199062347412,3.984846591949463
3.5417659282684326,3.5416321754455566,3.9838528633117676
3.5418989658355713,3.5411555767059326,3.984246253967285
3.5418989658355713,3.5411555767059326,3.984246253967285
3.540248394012451,3.5415093898773193,3.9864180088043213
3.540248394012451,3.5415093898773193,3.9864180088043213
3.540611982345581,3.542614459991455,3.988020181655884
3.5396780967712402,3.5433132648468018,3.989389419555664
3.5396780967712402,3.5433132648468018,3.989389419555664
3.539210557937622,3.5444750785827637,3.991986036300659
3.539210557937622,3.5444750785827637,3.991986036300659
3.5414388179779053,3.547261953353882,3.99609637260437
3.541332483291626,3.547917127609253,3.996861696243286
3.541332483291626,3.547917127609253,3.996861696243286
3.537999391555786,3.5497994422912598,4.0011982917785645
3.537999391555786,3.5497994422912598,4.0011982917785645
3.535952091217041,3.5522735118865967,4.005168914794922
3.5349903106689453,3.5539612770080566,4.007414817810059
3.5349903106689453,3.5539612770080566,4.007414817810059
3.5364835262298584,3.5554490089416504,4.007382392883301
3.5364835262298584,3.5554490089416504,4.007382392883301
3.537848472595215,3.5561530590057373,4.0072526931762695
3.5386593341827393,3.5556318759918213,4.005630970001221
3.5386593341827393,3.5556318759918213,4.005630970001221
3.537360191345215,3.5551459789276123,4.006587982177734
3.537360191345215,3.5551459789276123,4.006587982177734
3.536550760269165,3.5562827587127686,4.009236812591553
3.53546404838562,3.5587050914764404,4.0127105712890625
3.53546404838562,3.5587050914764404,4.0127105712890625
3.5356709957122803,3.5598337650299072,4.012889385223389
3.5356709957122803,3.5598337650299072,4.012889385223389
3.5359690189361572,3.5609350204467773,4.013735771179199
3.535703659057617,3.562516450881958,4.015049934387207
3.535703659057617,3.562516450881958,4.015049934387207
3.533581495285034,3.5653133392333984,4.019300937652588
3.533581495285034,3.5653133392333984,4.019300937652588
3.5345890522003174,3.5674502849578857,4.020306587219238
3.534750461578369,3.567664384841919,4.01920747756958
3.534750461578369,3.567664384841919,4.01920747756958
3.5361006259918213,3.567080020904541,4.017324924468994
3.5361006259918213,3.567080020904541,4.017324924468994
3.53794264793396,3.5660696029663086,4.015239238739014
3.5406153202056885,3.566042900085449,4.014272689819336
3.5406153202056885,3.566042900085449,4.014272689819336
3.542879819869995,3.565692901611328,4.01352071762085
3.542879819869995,3.565692901611328,4.01352071762085
3.543551206588745,3.565077543258667,4.012784481048584
3.544457197189331,3.5650739669799805,4.013806343078613
3.544457197189331,3.5650739669799805,4.013806343078613
3.5444374084472656,3.5642073154449463,4.013718605041504
3.5444374084472656,3.5642073154449463,4.013718605041504
3.546262502670288,3.5649337768554688,4.013885974884033
3.546306610107422,3.565652370452881,4.015259265899658
3.546306610107422,3.565652370452881,4.015259265899658
3.546199083328247,3.5669667720794678,4.018411159515381
3.546199083328247,3.5669667720794678,4.018411159515381
3.5437655448913574,3.565791606903076,4.019118785858154
3.5425450801849365,3.5653865337371826,4.020041465759277
3.5425450801849365,3.5653865337371826,4.020041465759277
3.5413730144500732,3.5635149478912354,4.019758701324463
3.5413730144500732,3.5635149478912354,4.019758701324463
3.5406010150909424,3.563149929046631,4.020205497741699
3.5403330326080322,3.566349744796753,4.0234880447387695
3.5403330326080322,3.566349744796753,4.0234880447387695
3.5407192707061768,3.5696237087249756,4.0273871421813965
3.5407192707061768,3.5696237087249756,4.0273871421813965
3.540989637374878,3.570814609527588,4.030026435852051
3.542355537414551,3.5714821815490723,4.03032922744751
3.542355537414551,3.5714821815490723,4.03032922744751
3.5437750816345215,3.5739529132843018,4.03359317779541
3.5437750816345215,3.5739529132843018,4.03359317779541
3.545285701751709,3.5753424167633057,4.033902645111084
3.5449483394622803,3.5760085582733154,4.035608291625977
3.5449483394622803,3.5760085582733154,4.035608291625977
3.545309066772461,3.576298475265503,4.035672187805176
3.545309066772461,3.576298475265503,4.035672187805176
3.5469298362731934,3.578511953353882,4.038171291351318
3.5469703674316406,3.5787551403045654,4.039801597595215
3.5469703674316406,3.5787551403045654,4.039801597595215
3.545917272567749,3.5799436569213867,4.042809009552002
3.545917272567749,3.5799436569213867,4.042809009552002
3.5464179515838623,3.5814738273620605,4.0445756912231445
3.549269199371338,3.583177328109741,4.045465469360352
3.549269199371338,3.583177328109741,4.045465469360352
3.5508310794830322,3.582813262939453,4.044803619384766
3.5508310794830322,3.582813262939453,4.044803619384766
3.5516600608825684,3.5814480781555176,4.043303489685059
3.5508220195770264,3.5809905529022217,4.043597221374512
3.5508220195770264,3.5809905529022217,4.043597221374512
3.551398754119873,3.5822949409484863,4.0446882247924805
3.551398754119873,3.5822949409484863,4.0446882247924805
3.5533461570739746,3.5840821266174316,4.045158863067627
3.5545778274536133,3.585564374923706,4.045965671539307
3.5545778274536133,3.585564374923706,4.045965671539307
3.5561914443969727,3.5878617763519287,4.04736852645874
3.5561914443969727,3.5878617763519287,4.04736852645874
3.5583226680755615,3.5881845951080322,4.047152996063232
3.559476137161255,3.587777614593506,4.046482086181641
3.559476137161255,3.587777614593506,4.046482086181641
3.559603452682495,3.5900931358337402,4.0505170822143555
3.559603452682495,3.5900931358337402,4.0505170822143555
3.560299873352051,3.593076467514038,4.05484676361084
3.560373544692993,3.5958054065704346,4.0605058670043945
3.560373544692993,3.5958054065704346,4.0605058670043945
3.561039924621582,3.5963480472564697,4.061436653137207
3.561039924621582,3.5963480472564697,4.061436653137207
3.5607292652130127,3.597203254699707,4.063272953033447
3.56107497215271,3.5969080924987793,4.062559604644775
3.56107497215271,3.5969080924987793,4.062559604644775
3.5623931884765625,3.598487138748169,4.0645060539245605
3.5623931884765625,3.598487138748169,4.0645060539245605
3.5628573894500732,3.60044527053833,4.066129684448242
3.563227415084839,3.6050448417663574,4.07236909866333
3.563227415084839,3.6050448417663574,4.07236909866333
3.56363582611084,3.6074581146240234,4.0753068923950195
3.56363582611084,3.6074581146240234,4.0753068923950195
3.5631961822509766,3.6094672679901123,4.078049659729004
3.5640738010406494,3.6106114387512207,4.078856945037842
3.5640738010406494,3.6106114387512207,4.078856945037842
3.565906286239624,3.6106960773468018,4.07811164855957
3.565906286239624,3.6106960773468018,4.07811164855957
3.5684051513671875,3.6106972694396973,4.076363563537598
3.571141242980957,3.6120126247406006,4.076253414154053
3.571141242980957,3.6120126247406006,4.076253414154053
3.571723699569702,3.613187789916992,4.076526641845703
3.571723699569702,3.613187789916992,4.076526641845703
3.5712692737579346,3.61250901222229,4.076759338378906
3.570619821548462,3.610698938369751,4.0760040283203125
3.570619821548462,3.610698938369751,4.0760040283203125
3.569464921951294,3.609893321990967,4.077185153961182
3.569464921951294,3.609893321990967,4.077185153961182
3.5706710815429688,3.6107337474823,4.0776262283325195
3.5712013244628906,3.610639810562134,4.077388286590576
3.5712013244628906,3.610639810562134,4.077388286590576
3.570742130279541,3.6090664863586426,4.0768961906433105
3.570742130279541,3.6090664863586426,4.0768961906433105
3.5696895122528076,3.608375072479248,4.0774641036987305
3.569084882736206,3.609712839126587,4.0803914070129395
3.569084882736206,3.609712839126587,4.0803914070129395
3.567737579345703,3.6114261150360107,4.08339262008667
3.567737579345703,3.6114261150360107,4.08339262008667
3.566422939300537,3.612560987472534,4.086199760437012
3.565117835998535,3.6121881008148193,4.085783004760742
3.565117835998535,3.6121881008148193,4.085783004760742
3.5658135414123535,3.613450050354004,4.0868659019470215
3.5658135414123535,3.613450050354004,4.0868659019470215
3.566239833831787,3.614501476287842,4.087443828582764
3.566363573074341,3.615612030029297,4.088561534881592
3.566363573074341,3.615612030029297,4.088561534881592
3.566406011581421,3.6170904636383057,4.0897016525268555
3.566406011581421,3.6170904636383057,4.0897016525268555
3.567023754119873,3.619588851928711,4.092804431915283
3.5665667057037354,3.621549367904663,4.094908237457275
3.5665667057037354,3.621549367904663,4.094908237457275
3.565180540084839,3.6251108646392822,4.100459098815918
3.565180540084839,3.6251108646392822,4.100459098815918
3.566748857498169,3.6265530586242676,4.102009296417236
3.5676209926605225,3.627854108810425,4.104092121124268
3.5676209926605225,3.627854108810425,4.104092121124268
3.567829132080078,3.627511978149414,4.103466033935547
3.567829132080078,3.627511978149414,4.103466033935547
3.5687708854675293,3.6267714500427246,4.102312088012695
3.569477081298828,3.6269490718841553,4.102793216705322
3.569477081298828,3.6269490718841553,4.102793216705322
3.569793701171875,3.626917839050293,4.104056358337402
3.569793701171875,3.626917839050293,4.104056358337402
3.568397283554077,3.6254687309265137,4.105279922485352
3.56954288482666,3.625072479248047,4.105234146118164
3.56954288482666,3.625072479248047,4.105234146118164
3.5701990127563477,3.626434564590454,4.107754707336426
3.5701990127563477,3.626434564590454,4.107754707336426
3.5685651302337646,3.6278653144836426,4.111426830291748
3.566126585006714,3.628460645675659,4.113746643066406
3.566126585006714,3.628460645675659,4.113746643066406
3.566174030303955,3.63021183013916,4.115959644317627
3.566174030303955,3.63021183013916,4.115959644317627
3.565361499786377,3.630441427230835,4.1153998374938965
3.565169095993042,3.630521535873413,4.115402698516846
3.565169095993042,3.630521535873413,4.115402698516846
3.5650975704193115,3.631452798843384,4.1166605949401855
3.5650975704193115,3.631452798843384,4.1166605949401855
3.564544916152954,3.6339094638824463,4.121008396148682
3.5642762184143066,3.636807680130005,4.125139236450195
3.5642762184143066,3.636807680130005,4.125139236450195
3.566011667251587,3.639416456222534,4.127406120300293
3.566011667251587,3.639416456222534,4.127406120300293
3.5662450790405273,3.638740301132202,4.127865314483643
3.5652596950531006,3.6363582611083984,4.127894878387451
3.5652596950531006,3.6363582611083984,4.127894878387451
3.5649917125701904,3.634970188140869,4.127054691314697
3.5649917125701904,3.634970188140869,4.127054691314697
3.5660316944122314,3.6336076259613037,4.125068664550781
3.5668904781341553,3.6346662044525146,4.12723445892334
3.5668904781341553,3.6346662044525146,4.12723445892334
3.56756854057312,3.6371383666992188,4.130577087402344
3.56756854057312,3.6371383666992188,4.130577087402344
3.567596435546875,3.6402647495269775,4.1363959312438965
3.567342519760132,3.6427762508392334,4.139771938323975
3.567342519760132,3.6427762508392334,4.139771938323975
3.568563938140869,3.646121025085449,4.145170211791992
3.568563938140869,3.646121025085449,4.145170211791992
3.5684218406677246,3.647311210632324,4.147254943847656
3.5680878162384033,3.6478564739227295,4.148934364318848
3.5680878162384033,3.6478564739227295,4.148934364318848
3.5691285133361816,3.6485629081726074,4.1499505043029785
3.5691285133361816,3.6485629081726074,4.1499505043029785
3.5681610107421875,3.64837908744812,4.151025772094727
3.5683047771453857,3.6495916843414307,4.152923107147217
3.5683047771453857,3.6495916843414307,4.152923107147217
3.5698461532592773,3.6506288051605225,4.153611660003662
3.5698461532592773,3.6506288051605225,4.153611660003662
3.5706286430358887,3.650505304336548,4.153995037078857
3.571565866470337,3.6502041816711426,4.1541290283203125
3.571565866470337,3.6502041816711426,4.1541290283203125
3.5718493461608887,3.650613307952881,4.155541896820068
3.5712435245513916,3.651961088180542,4.156518936157227
3.5712435245513916,3.651961088180542,4.156518936157227
3.5708982944488525,3.6534712314605713,4.158514976501465
3.5707826614379883,3.653628349304199,4.158348083496094
3.5707826614379883,3.653628349304199,4.158348083496094
3.5712807178497314,3.6534156799316406,4.157878875732422
3.5712807178497314,3.6534156799316406,4.157878875732422
3.5714361667633057,3.654653310775757,4.158949851989746
3.5714361667633057,3.654653310775757,4.158949851989746
3.5712125301361084,3.6574623584747314,4.162088394165039
3.5707008838653564,3.6607611179351807,4.167697429656982
3.5707008838653564,3.6607611179351807,4.167697429656982
3.5705041885375977,3.663440704345703,4.171006202697754
3.5705041885375977,3.663440704345703,4.171006202697754
3.570420026779175,3.6650173664093018,4.173875331878662
3.5695078372955322,3.666593551635742,4.17647123336792
3.5695078372955322,3.666593551635742,4.17647123336792
3.570080518722534,3.6693947315216064,4.179798126220703
3.570080518722534,3.6693947315216064,4.179798126220703
3.5722546577453613,3.670992136001587,4.18065881729126
3.5741126537323,3.671034812927246,4.179992198944092
3.5741126537323,3.671034812927246,4.179992198944092
3.57468843460083,3.6707468032836914,4.180023670196533
3.57468843460083,3.6707468032836914,4.180023670196533
3.5752203464508057,3.673427104949951,4.184741020202637
3.576812982559204,3.676271677017212,4.188363552093506
3.576812982559204,3.676271677017212,4.188363552093506
3.5778207778930664,3.6771059036254883,4.189640998840332
3.5778207778930664,3.6771059036254883,4.189640998840332
3.5783562660217285,3.676992177963257,4.189884185791016
3.579002618789673,3.6769847869873047,4.189830780029297
3.579002618789673,3.6769847869873047,4.189830780029297
3.579677104949951,3.6779253482818604,4.191093444824219
3.579677104949951,3.6779253482818604,4.191093444824219
3.5801796913146973,3.680912733078003,4.194402694702148
3.580465078353882,3.68550968170166,4.19972562789917
3.580465078353882,3.68550968170166,4.19972562789917
3.5794036388397217,3.6882669925689697,4.203226089477539
3.5794036388397217,3.6882669925689697,4.203226089477539
3.579592227935791,3.6902201175689697,4.205117225646973
3.5803940296173096,3.6906914710998535,4.204965114593506
3.5803940296173096,3.6906914710998535,4.204965114593506
3.5810704231262207,3.6908116340637207,4.2044548988342285
3.5810704231262207,3.6908116340637207,4.2044548988342285
3.5817368030548096,3.690912961959839,4.203977584838867
3.5810604095458984,3.691077709197998,4.205638885498047
3.5810604095458984,3.691077709197998,4.205638885498047
3.5803866386413574,3.6909255981445312,4.2061052322387695
3.5803866386413574,3.6909255981445312,4.2061052322387695
3.5804250240325928,3.6916801929473877,4.208054065704346
3.5793914794921875,3.690732717514038,4.20911169052124
3.5793914794921875,3.690732717514038,4.20911169052124
3.578517436981201,3.6905288696289062,4.210611343383789
3.578517436981201,3.6905288696289062,4.210611343383789
3.578674554824829,3.6920409202575684,4.2138495445251465
3.578512668609619,3.6930603981018066,4.21708869934082
3.578512668609619,3.6930603981018066,4.21708869934082
3.5798118114471436,3.693645715713501,4.2191243171691895
3.5798118114471436,3.693645715713501,4.2191243171691895
3.5788424015045166,3.6932053565979004,4.219085216522217
3.5789318084716797,3.6945302486419678,4.221175193786621
3.5789318084716797,3.6945302486419678,4.221175193786621
3.5795352458953857,3.695504903793335,4.221668720245361
3.5795352458953857,3.695504903793335,4.221668720245361
3.580448865890503,3.69583797454834,4.222347259521484
3.5805325508117676,3.6960947513580322,4.223226547241211
3.5805325508117676,3.6960947513580322,4.223226547241211
3.5798401832580566,3.6974968910217285,4.224732398986816
3.5798401832580566,3.6974968910217285,4.224732398986816
3.57936954498291,3.699700117111206,4.226962089538574
3.5784547328948975,3.7007620334625244,4.2285075187683105
3.5784547328948975,3.7007620334625244,4.2285075187683105
3.5782864093780518,3.7010228633880615,4.22916316986084
3.5782864093780518,3.7010228633880615,4.22916316986084
3.5775628089904785,3.701544761657715,4.2313313484191895
3.576622247695923,3.703502893447876,4.235935211181641
3.576622247695923,3.703502893447876,4.235935211181641
3.5770325660705566,3.704496383666992,4.237123966217041
3.5772671699523926,3.70439076423645,4.236672401428223
3.5772671699523926,3.70439076423645,4.236672401428223
3.5781354904174805,3.705042839050293,4.236786365509033
3.5781354904174805,3.705042839050293,4.236786365509033
3.577972888946533,3.7051093578338623,4.237122535705566
3.577972888946533,3.7051093578338623,4.237122535705566
3.5764551162719727,3.705679416656494,4.239741802215576
3.576747417449951,3.70870304107666,4.245201110839844
3.576747417449951,3.70870304107666,4.245201110839844
3.5770297050476074,3.710639238357544,4.248571872711182
3.5770297050476074,3.710639238357544,4.248571872711182
3.5762991905212402,3.7107033729553223,4.25018835067749
3.57389497756958,3.710155725479126,4.2504448890686035
3.57389497756958,3.710155725479126,4.2504448890686035
3.5726261138916016,3.7100605964660645,4.251009941101074
3.5726261138916016,3.7100605964660645,4.251009941101074
3.5747804641723633,3.7129085063934326,4.253510475158691
3.574800968170166,3.7151787281036377,4.257349967956543
3.574800968170166,3.7151787281036377,4.257349967956543
3.5722901821136475,3.7144951820373535,4.259027004241943
3.5722901821136475,3.7144951820373535,4.259027004241943
3.5724263191223145,3.7149622440338135,4.261157989501953
3.5735912322998047,3.7164342403411865,4.262325763702393
3.5735912322998047,3.7164342403411865,4.262325763702393
3.57519793510437,3.7175467014312744,4.262820720672607
3.57519793510437,3.7175467014312744,4.262820720672607
3.575357675552368,3.7178666591644287,4.2629570960998535
3.573972702026367,3.7189834117889404,4.266078948974609
3.573972702026367,3.7189834117889404,4.266078948974609
3.5739901065826416,3.7210986614227295,4.268428802490234
3.5739901065826416,3.7210986614227295,4.268428802490234
3.5737807750701904,3.7219064235687256,4.270042896270752
3.574561595916748,3.7217447757720947,4.269148349761963
3.574561595916748,3.7217447757720947,4.269148349761963
3.575185537338257,3.7217986583709717,4.268435001373291
3.575185537338257,3.7217986583709717,4.268435001373291
3.575664758682251,3.7223703861236572,4.2690839767456055
3.575150489807129,3.7229299545288086,4.270102500915527
3.575150489807129,3.7229299545288086,4.270102500915527
3.5758512020111084,3.7235748767852783,4.270097255706787
3.5758512020111084,3.7235748767852783,4.270097255706787
3.576272964477539,3.7254652976989746,4.271816730499268
3.575528144836426,3.727677822113037,4.275417327880859
3.575528144836426,3.727677822113037,4.275417327880859
3.575077772140503,3.729822874069214,4.279324054718018
3.575077772140503,3.729822874069214,4.279324054718018
3.5749590396881104,3.730487585067749,4.281278133392334
3.5757720470428467,3.730872392654419,4.281771659851074
3.5757720470428467,3.730872392654419,4.281771659851074
3.575988292694092,3.731895685195923,4.2837018966674805
3.575988292694092,3.731895685195923,4.2837018966674805
3.575848340988159,3.7332499027252197,4.285984039306641
3.5756313800811768,3.734518527984619,4.288259983062744
3.5756313800811768,3.734518527984619,4.288259983062744
3.5758416652679443,3.7353601455688477,4.28948974609375
3.5758416652679443,3.7353601455688477,4.28948974609375
3.577253818511963,3.736443042755127,4.290430545806885
3.5773632526397705,3.7375729084014893,4.293051242828369
3.5773632526397705,3.7375729084014893,4.293051242828369
3.5764951705932617,3.7401881217956543,4.2970194816589355
3.5764951705932617,3.7401881217956543,4.2970194816589355
3.576904773712158,3.744480609893799,4.302468299865723
3.5764920711517334,3.7470173835754395,4.306518077850342
3.5764920711517334,3.7470173835754395,4.306518077850342
3.5766241550445557,3.7480411529541016,4.308252334594727
3.5766241550445557,3.7480411529541016,4.308252334594727
3.5765621662139893,3.7479052543640137,4.308424949645996
3.5762205123901367,3.7480127811431885,4.308356285095215
3.5762205123901367,3.7480127811431885,4.308356285095215
3.5763747692108154,3.749685764312744,4.311191082000732
3.5763747692108154,3.749685764312744,4.311191082000732
3.5773072242736816,3.7519121170043945,4.313873291015625
3.5791091918945312,3.7531919479370117,4.314525604248047
3.5791091918945312,3.7531919479370117,4.314525604248047
3.5806117057800293,3.754293441772461,4.315492153167725
3.5806117057800293,3.754293441772461,4.315492153167725
3.5825257301330566,3.755237102508545,4.316125869750977
3.583874225616455,3.755964517593384,4.31741189956665
3.583874225616455,3.755964517593384,4.31741189956665
3.584887981414795,3.7560925483703613,4.318517208099365
3.584887981414795,3.7560925483703613,4.318517208099365
3.585327625274658,3.7559621334075928,4.319483280181885
3.5860331058502197,3.755167007446289,4.3186259269714355
3.5860331058502197,3.755167007446289,4.3186259269714355
3.586498498916626,3.75443959236145,4.318426609039307
3.586498498916626,3.75443959236145,4.318426609039307
3.585952043533325,3.755028486251831,4.320591449737549
3.5856454372406006,3.7567827701568604,4.325394630432129
3.5856454372406006,3.7567827701568604,4.325394630432129
3.5851895809173584,3.759032726287842,4.328579902648926
3.5851895809173584,3.759032726287842,4.328579902648926
3.5837674140930176,3.759171485900879,4.329828262329102
3.582451820373535,3.7592196464538574,4.330666542053223
3.582451820373535,3.7592196464538574,4.330666542053223
3.5821361541748047,3.759878396987915,4.331117153167725
3.5821361541748047,3.759878396987915,4.331117153167725
3.581554412841797,3.761345863342285,4.332955837249756
3.5801267623901367,3.76200532913208,4.335385322570801
3.5801267623901367,3.76200532913208,4.335385322570801
3.580725908279419,3.761023759841919,4.33473014831543
3.580725908279419,3.761023759841919,4.33473014831543
3.5809595584869385,3.759819746017456,4.3337297439575195
3.5821712017059326,3.7602829933166504,4.335306644439697
3.5821712017059326,3.7602829933166504,4.335306644439697
3.5822579860687256,3.7610924243927,4.3372368812561035
3.5822579860687256,3.7610924243927,4.3372368812561035
3.581329584121704,3.761566638946533,4.339174270629883
3.5818262100219727,3.762888193130493,4.34214973449707
3.5818262100219727,3.762888193130493,4.34214973449707
3.582202672958374,3.7639529705047607,4.343180179595947
3.582202672958374,3.7639529705047607,4.343180179595947
3.581409215927124,3.7644293308258057,4.346175193786621
3.5804049968719482,3.7655630111694336,4.348171234130859
3.5804049968719482,3.7655630111694336,4.348171234130859
3.5820810794830322,3.7674591541290283,4.350239276885986
3.5820810794830322,3.7674591541290283,4.350239276885986
3.583533525466919,3.768275737762451,4.352893829345703
3.582939386367798,3.7680695056915283,4.35415506362915
3.582939386367798,3.7680695056915283,4.35415506362915
3.581979513168335,3.769169569015503,4.3599958419799805
3.581979513168335,3.769169569015503,4.3599958419799805
3.5878489017486572,3.769779920578003,4.35999059677124
3.5901196002960205,3.770659923553467,4.362698078155518
3.5901196002960205,3.770659923553467,4.362698078155518
3.591557502746582,3.7717742919921875,4.3646016120910645
3.591557502746582,3.7717742919921875,4.3646016120910645
3.5909407138824463,3.7746965885162354,4.370634078979492
3.5896451473236084,3.7768807411193848,4.375269889831543
3.5896451473236084,3.7768807411193848,4.375269889831543
3.5890705585479736,3.7787294387817383,4.379021644592285
3.5890705585479736,3.7787294387817383,4.379021644592285
3.590402364730835,3.7818992137908936,4.38578987121582
3.5896873474121094,3.7846198081970215,4.391141891479492
3.5896873474121094,3.7846198081970215,4.391141891479492
3.588693618774414,3.7861831188201904,4.395144939422607
3.588693618774414,3.7861831188201904,4.395144939422607
3.588115930557251,3.7875900268554688,4.3983378410339355
3.587796211242676,3.7899322509765625,4.402638912200928
3.587796211242676,3.7899322509765625,4.402638912200928
3.5880045890808105,3.791250705718994,4.403964519500732
3.5880045890808105,3.791250705718994,4.403964519500732
3.588054656982422,3.791948080062866,4.405170917510986
3.588482618331909,3.7920126914978027,4.405641555786133
3.588482618331909,3.7920126914978027,4.405641555786133
3.5894579887390137,3.793586254119873,4.407890319824219
3.5894579887390137,3.793586254119873,4.407890319824219
3.5894761085510254,3.7953922748565674,4.410966873168945
3.588132381439209,3.7961292266845703,4.412722587585449
3.588132381439209,3.7961292266845703,4.412722587585449
3.5882673263549805,3.7983641624450684,4.416616439819336
3.5882673263549805,3.7983641624450684,4.416616439819336
3.588982582092285,3.8005292415618896,4.420609474182129
3.5883145332336426,3.8007616996765137,4.421950817108154
3.5883145332336426,3.8007616996765137,4.421950817108154
3.5878705978393555,3.8012239933013916,4.423215866088867
3.5878705978393555,3.8012239933013916,4.423215866088867
3.5872302055358887,3.802960157394409,4.42637825012207
3.5872855186462402,3.804877281188965,4.4296674728393555
3.5872855186462402,3.804877281188965,4.4296674728393555
3.586944341659546,3.8053884506225586,4.430812358856201
3.586944341659546,3.8053884506225586,4.430812358856201
3.5875463485717773,3.806974411010742,4.433107852935791
3.5878751277923584,3.8076376914978027,4.433889389038086
3.5878751277923584,3.8076376914978027,4.433889389038086
3.5875601768493652,3.808835029602051,4.436403751373291
3.5875601768493652,3.808835029602051,4.436403751373291
3.5867295265197754,3.8105976581573486,4.439336776733398
3.5853500366210938,3.8114891052246094,4.442566871643066
3.5853500366210938,3.8114891052246094,4.442566871643066
3.586296319961548,3.812703847885132,4.443163871765137
3.586296319961548,3.812703847885132,4.443163871765137
3.5876739025115967,3.8140666484832764,4.444518089294434
3.587872266769409,3.814932107925415,4.446502208709717
3.587872266769409,3.814932107925415,4.446502208709717
3.5872128009796143,3.8150877952575684,4.447116851806641
3.5872128009796143,3.8150877952575684,4.447116851806641
3.587787389755249,3.815502882003784,4.4488301277160645
3.588789939880371,3.8167030811309814,4.4503173828125
3.588789939880371,3.8167030811309814,4.4503173828125
3.5884017944335938,3.8172948360443115,4.451569080352783
3.5876479148864746,3.8176727294921875,4.452395915985107
3.5876479148864746,3.8176727294921875,4.452395915985107
3.5883147716522217,3.818143844604492,4.452460289001465
3.5883147716522217,3.818143844604492,4.452460289001465
3.5891268253326416,3.818558931350708,4.454010486602783
3.5891268253326416,3.818558931350708,4.454010486602783
3.5898642539978027,3.818732500076294,4.454308032989502
3.591247320175171,3.819519281387329,4.455434799194336
3.591247320175171,3.819519281387329,4.455434799194336
3.592215061187744,3.8209054470062256,4.458378314971924
3.592215061187744,3.8209054470062256,4.458378314971924
3.5927176475524902,3.8222453594207764,4.460455417633057
3.5921828746795654,3.823992967605591,4.462747097015381
3.5921828746795654,3.823992967605591,4.462747097015381
3.5909640789031982,3.825925588607788,4.4669365882873535
3.5909640789031982,3.825925588607788,4.4669365882873535
3.589660167694092,3.8271944522857666,4.468763828277588
3.590195655822754,3.828317165374756,4.471059799194336
3.590195655822754,3.828317165374756,4.471059799194336
3.59061598777771,3.8285622596740723,4.471722602844238
3.59061598777771,3.8285622596740723,4.471722602844238
3.5907528400421143,3.8285200595855713,4.470460891723633
3.5905659198760986,3.8286144733428955,4.47019624710083
3.5905659198760986,3.8286144733428955,4.47019624710083
3.5916101932525635,3.8300416469573975,4.4710469245910645
3.5916101932525635,3.8300416469573975,4.4710469245910645
3.592463254928589,3.8331565856933594,4.474849700927734
3.5925416946411133,3.8350396156311035,4.477398872375488
3.5925416946411133,3.8350396156311035,4.477398872375488
3.5941617488861084,3.8369140625,4.478484630584717
3.5941617488861084,3.8369140625,4.478484630584717
3.5959579944610596,3.837798595428467,4.480043411254883
3.5962142944335938,3.8389434814453125,4.483274459838867
3.5962142944335938,3.8389434814453125,4.483274459838867
3.596233606338501,3.840353012084961,4.485258102416992
3.596233606338501,3.840353012084961,4.485258102416992
3.5952980518341064,3.8414294719696045,4.4873948097229
3.595493793487549,3.8437142372131348,4.492169380187988
3.595493793487549,3.8437142372131348,4.492169380187988
3.5959465503692627,3.8456788063049316,4.4958086013793945
3.5959465503692627,3.8456788063049316,4.4958086013793945
3.5964980125427246,3.8467037677764893,4.4989824295043945
3.5965421199798584,3.8479976654052734,4.5034332275390625
3.5965421199798584,3.8479976654052734,4.5034332275390625
3.5973551273345947,3.8491170406341553,4.506195545196533
3.5973551273345947,3.8491170406341553,4.506195545196533
3.59787917137146,3.8503077030181885,4.508415699005127
3.5986545085906982,3.851034641265869,4.5092620849609375
3.5986545085906982,3.851034641265869,4.5092620849609375
3.5989015102386475,3.850945234298706,4.508448123931885
3.5989015102386475,3.850945234298706,4.508448123931885
3.596733331680298,3.8500702381134033,4.508728981018066
3.595324754714966,3.8502614498138428,4.508860111236572
3.595324754714966,3.8502614498138428,4.508860111236572
3.5962231159210205,3.8512043952941895,4.508611679077148
3.5962231159210205,3.8512043952941895,4.508611679077148
3.5959742069244385,3.8514933586120605,4.509194374084473
3.5951781272888184,3.8517894744873047,4.510932922363281
3.5951781272888184,3.8517894744873047,4.510932922363281
3.5971102714538574,3.8541829586029053,4.513804912567139
3.5971102714538574,3.8541829586029053,4.513804912567139
3.5972840785980225,3.855715036392212,4.515659809112549
3.5972840785980225,3.855715036392212,4.515659809112549
3.5960075855255127,3.855803966522217,4.517528057098389
3.5971028804779053,3.8580338954925537,4.520563125610352
3.5971028804779053,3.8580338954925537,4.520563125610352
3.597337484359741,3.8612301349639893,4.525308132171631
3.597337484359741,3.8612301349639893,4.525308132171631
3.597703218460083,3.8632757663726807,4.529716968536377
3.5969648361206055,3.863508462905884,4.532317638397217
3.5969648361206055,3.863508462905884,4.532317638397217
3.5957019329071045,3.863442897796631,4.53453254699707
3.5957019329071045,3.863442897796631,4.53453254699707
3.5945122241973877,3.862689733505249,4.534801483154297
3.5939295291900635,3.862241506576538,4.534543514251709
3.5939295291900635,3.862241506576538,4.534543514251709
3.594268798828125,3.8639795780181885,4.537591934204102
3.594268798828125,3.8639795780181885,4.537591934204102
3.5935206413269043,3.867241382598877,4.5425262451171875
3.591608762741089,3.8695905208587646,4.547268390655518
3.591608762741089,3.8695905208587646,4.547268390655518
3.590111017227173,3.8698971271514893,4.548529624938965
3.590111017227173,3.8698971271514893,4.548529624938965
3.5908498764038086,3.8703367710113525,4.549929141998291
3.590545654296875,3.8720781803131104,4.552951812744141
3.590545654296875,3.8720781803131104,4.552951812744141
3.5896406173706055,3.873544454574585,4.557378768920898
3.5896406173706055,3.873544454574585,4.557378768920898
3.588210105895996,3.8741836547851562,4.559828281402588
3.5882408618927,3.875443458557129,4.562399387359619
3.5882408618927,3.875443458557129,4.562399387359619
3.5893020629882812,3.878535270690918,4.567355632781982
3.5893020629882812,3.878535270690918,4.567355632781982
3.5887773036956787,3.88277006149292,4.574937343597412
3.5878474712371826,3.886371612548828,4.5819315910339355
3.5878474712371826,3.886371612548828,4.5819315910339355
3.5871469974517822,3.8890652656555176,4.585132122039795
3.5871469974517822,3.8890652656555176,4.585132122039795
3.5872387886047363,3.8905510902404785,4.587370872497559
3.586974859237671,3.8910114765167236,4.5867719650268555
3.586974859237671,3.8910114765167236,4.5867719650268555
3.58933687210083,3.8924734592437744,4.5869855880737305
3.58933687210083,3.8924734592437744,4.5869855880737305
3.5906574726104736,3.8918278217315674,4.584598541259766
3.59071946144104,3.8907837867736816,4.582414627075195
3.59071946144104,3.8907837867736816,4.582414627075195
3.591172933578491,3.8908448219299316,4.581292152404785
3.591172933578491,3.8908448219299316,4.581292152404785
3.5928988456726074,3.89263653755188,4.582264423370361
3.5957419872283936,3.8951916694641113,4.584539890289307
3.5957419872283936,3.8951916694641113,4.584539890289307
3.5970044136047363,3.896089553833008,4.585783004760742
3.5970044136047363,3.896089553833008,4.585783004760742
3.5967891216278076,3.8969709873199463,4.587221622467041
3.5980007648468018,3.8975186347961426,4.588137149810791
3.5980007648468018,3.8975186347961426,4.588137149810791
3.597909688949585,3.897165536880493,4.5887064933776855
3.597909688949585,3.897165536880493,4.5887064933776855
3.5985300540924072,3.8975400924682617,4.590048313140869
3.5985732078552246,3.89872407913208,4.5920867919921875
3.5985732078552246,3.89872407913208,4.5920867919921875
3.5973165035247803,3.9001169204711914,4.595202922821045
3.5973165035247803,3.9001169204711914,4.595202922821045
3.597266674041748,3.901798963546753,4.598477840423584
3.5980546474456787,3.904010057449341,4.599484443664551
3.5980546474456787,3.904010057449341,4.599484443664551
3.5975987911224365,3.905526638031006,4.602055072784424
3.5975987911224365,3.905526638031006,4.602055072784424
3.5966198444366455,3.9065511226654053,4.604601860046387
3.596553087234497,3.9068803787231445,4.605929851531982
3.596553087234497,3.9068803787231445,4.605929851531982
3.5965397357940674,3.907062292098999,4.607163906097412
3.5965397357940674,3.907062292098999,4.607163906097412
3.5964903831481934,3.9077391624450684,4.607350826263428
3.5967864990234375,3.9092519283294678,4.610294342041016
3.5967864990234375,3.9092519283294678,4.610294342041016
3.5959970951080322,3.9108963012695312,4.613684177398682
3.5959970951080322,3.9108963012695312,4.613684177398682
3.596524238586426,3.91375994682312,4.618729114532471
3.5977730751037598,3.9153356552124023,4.620371341705322
3.5977730751037598,3.9153356552124023,4.620371341705322
3.599555253982544,3.9160518646240234,4.6203694343566895
3.599555253982544,3.9160518646240234,4.6203694343566895
3.600306749343872,3.9163427352905273,4.6202192306518555
3.6004860401153564,3.9176018238067627,4.623074054718018
3.6004860401153564,3.9176018238067627,4.623074054718018
3.600308895111084,3.9183993339538574,4.624739170074463
3.600308895111084,3.9183993339538574,4.624739170074463
3.6001510620117188,3.920281171798706,4.628000736236572
3.600917339324951,3.923077344894409,4.632531642913818
3.600917339324951,3.923077344894409,4.632531642913818
3.6019091606140137,3.924724578857422,4.635257720947266
3.6019091606140137,3.924724578857422,4.635257720947266
3.6021368503570557,3.9249989986419678,4.63575553894043
3.6027135848999023,3.9259917736053467,4.637261867523193
3.6027135848999023,3.9259917736053467,4.637261867523193
3.60315203666687,3.927473306655884,4.639716625213623
3.60315203666687,3.927473306655884,4.639716625213623
3.6034188270568848,3.9292335510253906,4.641970634460449
3.604142904281616,3.930997848510742,4.644340991973877
3.604142904281616,3.930997848510742,4.644340991973877
3.6042487621307373,3.9334990978240967,4.6478447914123535
3.6042487621307373,3.9334990978240967,4.6478447914123535
3.6060760021209717,3.937473773956299,4.6536431312561035
3.607653856277466,3.939295768737793,4.65802001953125
3.607653856277466,3.939295768737793,4.65802001953125
3.608093023300171,3.9390628337860107,4.657069206237793
3.608093023300171,3.9390628337860107,4.657069206237793
3.60794734954834,3.939194440841675,4.65793514251709
3.6096630096435547,3.941887140274048,4.659571647644043
3.6096630096435547,3.941887140274048,4.659571647644043
3.6084113121032715,3.943441390991211,4.663877487182617
3.6084113121032715,3.943441390991211,4.663877487182617
3.6067535877227783,3.9426255226135254,4.667888641357422
3.6062369346618652,3.942492961883545,4.669651985168457
3.6062369346618652,3.942492961883545,4.669651985168457
3.6067287921905518,3.9432666301727295,4.669666767120361
3.6067287921905518,3.9432666301727295,4.669666767120361
3.60736083984375,3.9441487789154053,4.670986652374268
3.6101269721984863,3.9459056854248047,4.672526836395264
3.6101269721984863,3.9459056854248047,4.672526836395264
3.61087965965271,3.9462482929229736,4.674943923950195
3.61087965965271,3.9462482929229736,4.674943923950195
3.6119415760040283,3.9474093914031982,4.680044651031494
3.612842082977295,3.948481321334839,4.683985710144043
3.612842082977295,3.948481321334839,4.683985710144043
3.6130664348602295,3.9497079849243164,4.6869001388549805
3.6130664348602295,3.9497079849243164,4.6869001388549805
3.6132442951202393,3.950951099395752,4.689129829406738
3.6129705905914307,3.951570987701416,4.690160274505615
3.6129705905914307,3.951570987701416,4.690160274505615
3.612239122390747,3.951281785964966,4.689801216125488
3.612239122390747,3.951281785964966,4.689801216125488
3.6127474308013916,3.951875686645508,4.690526008605957
3.61289119720459,3.953660249710083,4.692508697509766
3.61289119720459,3.953660249710083,4.692508697509766
3.6128737926483154,3.954967737197876,4.693851470947266
3.6128737926483154,3.954967737197876,4.693851470947266
3.6129446029663086,3.956671953201294,4.6963887214660645
3.6134936809539795,3.9582390785217285,4.698843955993652
3.6134936809539795,3.9582390785217285,4.698843955993652
3.6135623455047607,3.959681510925293,4.701570987701416
3.6135623455047607,3.959681510925293,4.701570987701416
3.6145522594451904,3.962184429168701,4.7052717208862305
3.6155357360839844,3.9640145301818848,4.7092180252075195
3.6155357360839844,3.9640145301818848,4.7092180252075195
3.6153838634490967,3.9657413959503174,4.712360382080078
3.6150617599487305,3.967111349105835,4.715099334716797
3.6150617599487305,3.967111349105835,4.715099334716797
3.6173207759857178,3.9696598052978516,4.720401763916016
3.6173207759857178,3.9696598052978516,4.720401763916016
3.6167819499969482,3.9709551334381104,4.724218368530273
3.6166136264801025,3.9721972942352295,4.727405548095703
3.6166136264801025,3.9721972942352295,4.727405548095703
3.616469144821167,3.9728169441223145,4.729118347167969
3.616469144821167,3.9728169441223145,4.729118347167969
3.6164870262145996,3.973548173904419,4.730173587799072
3.617065191268921,3.974400281906128,4.730798244476318
3.617065191268921,3.974400281906128,4.730798244476318
3.6185226440429688,3.975132465362549,4.730607032775879
3.6185226440429688,3.975132465362549,4.730607032775879
3.6197361946105957,3.9756417274475098,4.731427192687988
3.6204538345336914,3.97664475440979,4.733108997344971
3.6204538345336914,3.97664475440979,4.733108997344971
3.620366096496582,3.9783706665039062,4.736624717712402
3.620366096496582,3.9783706665039062,4.736624717712402
3.621096134185791,3.9812710285186768,4.741465091705322
3.6230196952819824,3.9848062992095947,4.747193336486816
3.6230196952819824,3.9848062992095947,4.747193336486816
3.6220834255218506,3.9845218658447266,4.749809741973877
3.6210083961486816,3.9827113151550293,4.748820781707764
3.6210083961486816,3.9827113151550293,4.748820781707764
3.6205742359161377,3.9812192916870117,4.747122764587402
3.6205742359161377,3.9812192916870117,4.747122764587402
3.6221017837524414,3.9815168380737305,4.749475955963135
3.6221017837524414,3.9815168380737305,4.749475955963135
3.622408628463745,3.9820919036865234,4.7517194747924805
3.6222972869873047,3.982909679412842,4.754189968109131
3.6222972869873047,3.982909679412842,4.754189968109131
3.6218674182891846,3.9837121963500977,4.757802486419678
3.6218674182891846,3.9837121963500977,4.757802486419678
3.622159719467163,3.9838147163391113,4.761297225952148
3.621880531311035,3.984680652618408,4.7635674476623535
3.621880531311035,3.984680652618408,4.7635674476623535
3.621241331100464,3.9863953590393066,4.768868446350098
3.621241331100464,3.9863953590393066,4.768868446350098
3.6213266849517822,3.988751173019409,4.773044109344482
3.6225550174713135,3.9923224449157715,4.7789154052734375
3.6225550174713135,3.9923224449157715,4.7789154052734375
3.6223957538604736,3.994603395462036,4.782265663146973
3.6223957538604736,3.994603395462036,4.782265663146973
3.622135639190674,3.996196985244751,4.783792972564697
3.6227400302886963,3.995584487915039,4.78360652923584
3.6227400302886963,3.995584487915039,4.78360652923584
3.6226205825805664,3.9945764541625977,4.782652854919434
3.6226205825805664,3.9945764541625977,4.782652854919434
3.6228179931640625,3.9938671588897705,4.782309532165527
3.623687267303467,3.9948983192443848,4.782994270324707
3.623687267303467,3.9948983192443848,4.782994270324707
3.624199867248535,3.9954159259796143,4.784794330596924
3.624199867248535,3.9954159259796143,4.784794330596924
3.6231815814971924,3.9947102069854736,4.786324977874756
3.623817205429077,3.994725465774536,4.789773464202881
3.623817205429077,3.994725465774536,4.789773464202881
3.627013683319092,3.996727466583252,4.7959513664245605
3.627013683319092,3.996727466583252,4.7959513664245605
3.627142906188965,3.997621774673462,4.799907684326172
3.6266469955444336,3.997251272201538,4.8011884689331055
3.6266469955444336,3.997251272201538,4.8011884689331055
3.626312017440796,3.9967286586761475,4.800868511199951
3.626312017440796,3.9967286586761475,4.800868511199951
3.627777576446533,3.9980690479278564,4.804808616638184
3.626734495162964,4.000084400177002,4.808487415313721
3.626734495162964,4.000084400177002,4.808487415313721
3.627089738845825,4.001864433288574,4.8124518394470215
3.627089738845825,4.001864433288574,4.8124518394470215
3.6285512447357178,4.003836154937744,4.815670013427734
3.631132125854492,4.005939483642578,4.81773042678833
3.631132125854492,4.005939483642578,4.81773042678833
3.6295886039733887,4.005847454071045,4.817251682281494
3.6295886039733887,4.005847454071045,4.817251682281494
3.6280465126037598,4.005551815032959,4.817368030548096
3.628225564956665,4.006153583526611,4.817802429199219
3.628225564956665,4.006153583526611,4.817802429199219
3.6300277709960938,4.007891654968262,4.8196001052856445
3.6300277709960938,4.007891654968262,4.8196001052856445
3.6294949054718018,4.008976936340332,4.824801445007324
3.629523515701294,4.011609077453613,4.831081390380859
3.629523515701294,4.011609077453613,4.831081390380859
3.632134437561035,4.013097763061523,4.835703372955322
3.632134437561035,4.013097763061523,4.835703372955322
3.632309913635254,4.013091087341309,4.838045597076416
3.632737159729004,4.0125861167907715,4.838502883911133
3.632737159729004,4.0125861167907715,4.838502883911133
3.6340627670288086,4.012596607208252,4.839547157287598
3.6340627670288086,4.012596607208252,4.839547157287598
3.636552095413208,4.013582229614258,4.841694355010986
3.6383180618286133,4.01470422744751,4.844761371612549
3.6383180618286133,4.01470422744751,4.844761371612549
3.639559268951416,4.015939712524414,4.848669528961182
3.639559268951416,4.015939712524414,4.848669528961182
3.6408586502075195,4.016739845275879,4.85117769241333
3.6423113346099854,4.016999244689941,4.851388931274414
3.6423113346099854,4.016999244689941,4.851388931274414
3.641979694366455,4.016623497009277,4.853748321533203
3.641979694366455,4.016623497009277,4.853748321533203
3.6417810916900635,4.016849994659424,4.856124401092529
3.6433277130126953,4.018310070037842,4.859530925750732
3.6433277130126953,4.018310070037842,4.859530925750732
3.644324541091919,4.019476890563965,4.860476970672607
3.644324541091919,4.019476890563965,4.860476970672607
3.6441402435302734,4.019824504852295,4.86070442199707
3.643691062927246,4.019963264465332,4.863039016723633
3.643691062927246,4.019963264465332,4.863039016723633
3.6431684494018555,4.020493030548096,4.864412307739258
3.6431684494018555,4.020493030548096,4.864412307739258
3.6434028148651123,4.021140098571777,4.8659162521362305
3.643725633621216,4.022153854370117,4.869373798370361
3.643725633621216,4.022153854370117,4.869373798370361
3.6443088054656982,4.0229105949401855,4.872515678405762
3.6443088054656982,4.0229105949401855,4.872515678405762
3.6444544792175293,4.02523946762085,4.876344680786133
3.6439602375030518,4.028265476226807,4.8802924156188965
3.6439602375030518,4.028265476226807,4.8802924156188965
3.6441211700439453,4.029959678649902,4.8837175369262695
3.6441211700439453,4.029959678649902,4.8837175369262695
3.643582820892334,4.030331134796143,4.8835368156433105
3.644118070602417,4.030242919921875,4.883567810058594
3.644118070602417,4.030242919921875,4.883567810058594
3.6453027725219727,4.031417369842529,4.883800983428955
3.6453027725219727,4.031417369842529,4.883800983428955
3.6459836959838867,4.032214164733887,4.8853631019592285
3.645601272583008,4.031578540802002,4.8856635093688965
3.645601272583008,4.031578540802002,4.8856635093688965
3.646287679672241,4.031226634979248,4.8859124183654785
3.646287679672241,4.031226634979248,4.8859124183654785
3.649299144744873,4.033116340637207,4.889270782470703
3.6499598026275635,4.0346808433532715,4.895349979400635
3.6499598026275635,4.0346808433532715,4.895349979400635
3.650071382522583,4.035411357879639,4.896284103393555
3.650071382522583,4.035411357879639,4.896284103393555
3.6500580310821533,4.036107063293457,4.898425102233887
3.650876760482788,4.037079334259033,4.899799823760986
3.650876760482788,4.037079334259033,4.899799823760986
3.6520707607269287,4.038536071777344,4.901196002960205
3.6520707607269287,4.038536071777344,4.901196002960205
3.653606414794922,4.040866374969482,4.904139995574951
3.655782699584961,4.043428897857666,4.906548500061035
3.655782699584961,4.043428897857666,4.906548500061035
3.6568164825439453,4.044961929321289,4.910152435302734
3.6568164825439453,4.044961929321289,4.910152435302734
3.655996322631836,4.046084880828857,4.91297721862793
3.655649185180664,4.0476861000061035,4.9145917892456055
3.655649185180664,4.0476861000061035,4.9145917892456055
3.656848192214966,4.048793792724609,4.915289878845215
3.656848192214966,4.048793792724609,4.915289878845215
3.6583704948425293,4.050740718841553,4.917786598205566
3.659287452697754,4.054307460784912,4.924402236938477
3.659287452697754,4.054307460784912,4.924402236938477
3.6584267616271973,4.055738925933838,4.927333831787109
3.6584267616271973,4.055738925933838,4.927333831787109
3.658069372177124,4.057133674621582,4.930001258850098
3.657172679901123,4.058255195617676,4.931884288787842
3.657172679901123,4.058255195617676,4.931884288787842
3.656373977661133,4.059167861938477,4.932966232299805
3.656373977661133,4.059167861938477,4.932966232299805
3.656111717224121,4.0602641105651855,4.93394660949707
3.656215190887451,4.061530590057373,4.936878681182861
3.656215190887451,4.061530590057373,4.936878681182861
3.6566553115844727,4.062692165374756,4.939803600311279
3.6566553115844727,4.062692165374756,4.939803600311279
3.6571192741394043,4.064122200012207,4.942910194396973
3.659254312515259,4.065732002258301,4.9457292556762695
3.659254312515259,4.065732002258301,4.9457292556762695
3.6582860946655273,4.06716251373291,4.948916912078857
3.6582860946655273,4.06716251373291,4.948916912078857
3.6572108268737793,4.069733142852783,4.9540324211120605
3.6560633182525635,4.07139253616333,4.958281993865967
3.6560633182525635,4.07139253616333,4.958281993865967
3.6567275524139404,4.072664260864258,4.961625576019287
3.6567275524139404,4.072664260864258,4.961625576019287
3.6562106609344482,4.073585510253906,4.96445894241333
3.6554434299468994,4.074634075164795,4.968812942504883
3.6554434299468994,4.074634075164795,4.968812942504883
3.6560842990875244,4.075782299041748,4.972662925720215
3.6560842990875244,4.075782299041748,4.972662925720215
3.657165288925171,4.077304840087891,4.97451114654541
3.6570019721984863,4.078330039978027,4.973397731781006
3.6570019721984863,4.078330039978027,4.973397731781006
3.657135248184204,4.079875946044922,4.974732875823975
3.657135248184204,4.079875946044922,4.974732875823975
3.655958652496338,4.082095146179199,4.97346830368042
3.6549742221832275,4.084484577178955,4.976282596588135
3.6549742221832275,4.084484577178955,4.976282596588135
3.6547722816467285,4.088057518005371,4.980557441711426
3.6547722816467285,4.088057518005371,4.980557441711426
3.6538631916046143,4.090339660644531,4.9846367835998535
3.6525561809539795,4.092375755310059,4.987686634063721
3.6525561809539795,4.092375755310059,4.987686634063721
3.652362585067749,4.093880653381348,4.993661880493164
3.652362585067749,4.093880653381348,4.993661880493164
3.654081106185913,4.096358776092529,4.998430252075195
3.6545872688293457,4.098759651184082,5.006402015686035
3.6545872688293457,4.098759651184082,5.006402015686035
3.653989553451538,4.101332664489746,5.012977123260498
3.653989553451538,4.101332664489746,5.012977123260498
3.653974771499634,4.104406833648682,5.018925666809082
3.6544477939605713,4.107380390167236,5.023486137390137
3.6544477939605713,4.107380390167236,5.023486137390137
3.654208183288574,4.110542297363281,5.022916793823242
3.654208183288574,4.110542297363281,5.022916793823242
3.653385639190674,4.111892223358154,5.025561332702637
3.6528122425079346,4.113158702850342,5.026774883270264
3.6528122425079346,4.113158702850342,5.026774883270264
3.653250217437744,4.115208625793457,5.028727054595947
3.653250217437744,4.115208625793457,5.028727054595947
3.653141498565674,4.116483211517334,5.030675411224365
3.655313014984131,4.11816930770874,5.030712127685547
3.655313014984131,4.11816930770874,5.030712127685547
3.6548678874969482,4.118854522705078,5.03447961807251
3.6548678874969482,4.118854522705078,5.03447961807251
3.6550204753875732,4.119952201843262,5.037642955780029
3.6591217517852783,4.123777389526367,5.045144557952881
3.6591217517852783,4.123777389526367,5.045144557952881
3.65946102142334,4.124835014343262,5.049612998962402
3.65946102142334,4.124835014343262,5.049612998962402
3.659172534942627,4.125787734985352,5.055124282836914
3.65942645072937,4.126657962799072,5.057586193084717
3.65942645072937,4.126657962799072,5.057586193084717
3.6596288681030273,4.128170967102051,5.0591559410095215
3.6596288681030273,4.128170967102051,5.0591559410095215
3.660449743270874,4.129697322845459,5.063681125640869
3.660268783569336,4.131693363189697,5.066531658172607
3.660268783569336,4.131693363189697,5.066531658172607
3.66062068939209,4.134450912475586,5.069986820220947
3.66062068939209,4.134450912475586,5.069986820220947
3.660601854324341,4.137991428375244,5.074045658111572
3.6603188514709473,4.141533851623535,5.08066987991333
3.6603188514709473,4.141533851623535,5.08066987991333
3.6591763496398926,4.144320011138916,5.085254192352295
3.6591763496398926,4.144320011138916,5.085254192352295
3.65968656539917,4.144804954528809,5.087649345397949
3.6590499877929688,4.143888473510742,5.086830139160156
3.6590499877929688,4.143888473510742,5.086830139160156
3.6589202880859375,4.143892765045166,5.087523937225342
3.6589202880859375,4.143892765045166,5.087523937225342
3.6597228050231934,4.14561128616333,5.090042591094971
3.6611151695251465,4.1477766036987305,5.0941081047058105
3.6611151695251465,4.1477766036987305,5.0941081047058105
3.660897731781006,4.14886999130249,5.09766149520874
3.660897731781006,4.14886999130249,5.09766149520874
3.661172866821289,4.150888919830322,5.101358890533447
3.6627557277679443,4.15266227722168,5.106170177459717
3.6627557277679443,4.15266227722168,5.106170177459717
3.6637473106384277,4.153725624084473,5.110300540924072
3.6637473106384277,4.153725624084473,5.110300540924072
3.663424015045166,4.154070854187012,5.1121344566345215
3.663930654525757,4.155785083770752,5.117720603942871
3.663930654525757,4.155785083770752,5.117720603942871
3.6645750999450684,4.158756732940674,5.12431526184082
3.6645750999450684,4.158756732940674,5.12431526184082
3.6637091636657715,4.161323070526123,5.129469871520996
3.663269281387329,4.1654462814331055,5.137234687805176
3.663269281387329,4.1654462814331055,5.137234687805176
3.662719964981079,4.1683735847473145,5.141944885253906
3.662719964981079,4.1683735847473145,5.141944885253906
3.6626858711242676,4.171796798706055,5.146048545837402
3.663588047027588,4.175680637359619,5.15018367767334
3.663588047027588,4.175680637359619,5.15018367767334
3.6635901927948,4.178678512573242,5.155210018157959
3.66387939453125,4.1805315017700195,5.158156394958496
3.66387939453125,4.1805315017700195,5.158156394958496
3.665318012237549,4.181967258453369,5.159707069396973
3.665318012237549,4.181967258453369,5.159707069396973
3.6654534339904785,4.183137893676758,5.160494804382324
3.6651015281677246,4.184376239776611,5.16437292098999
3.6651015281677246,4.184376239776611,5.16437292098999
3.665998697280884,4.1860575675964355,5.167123794555664
3.665998697280884,4.1860575675964355,5.167123794555664
3.6672232151031494,4.188151836395264,5.171921730041504
3.666916847229004,4.189612865447998,5.174992084503174
3.666916847229004,4.189612865447998,5.174992084503174
3.666360855102539,4.189155578613281,5.176187038421631
3.6669368743896484,4.189350128173828,5.176734924316406
3.6669368743896484,4.189350128173828,5.176734924316406
3.6687748432159424,4.19130802154541,5.179503440856934
3.6687748432159424,4.19130802154541,5.179503440856934
3.6692941188812256,4.192628860473633,5.183121681213379
3.6692941188812256,4.192628860473633,5.183121681213379
3.6676933765411377,4.193556785583496,5.18496036529541
3.6651527881622314,4.194528102874756,5.1880340576171875
3.6651527881622314,4.194528102874756,5.1880340576171875
3.6633763313293457,4.196286201477051,5.190946578979492
3.6639602184295654,4.198931694030762,5.19577693939209
3.6639602184295654,4.198931694030762,5.19577693939209
3.664381504058838,4.202169895172119,5.197805881500244
3.664381504058838,4.202169895172119,5.197805881500244
3.66432523727417,4.205224514007568,5.204422950744629
3.66432523727417,4.205224514007568,5.204422950744629
3.6645820140838623,4.208853244781494,5.212118625640869
3.6658661365509033,4.212546348571777,5.2207722663879395
3.6658661365509033,4.212546348571777,5.2207722663879395
3.6682627201080322,4.216624736785889,5.227809429168701
3.6704940795898438,4.220473289489746,5.234838485717773
3.6704940795898438,4.220473289489746,5.234838485717773
3.6706278324127197,4.2227702140808105,5.238085746765137
3.6706278324127197,4.2227702140808105,5.238085746765137
3.671740770339966,4.2249321937561035,5.241133689880371
3.6727328300476074,4.226635456085205,5.242100715637207
3.6727328300476074,4.226635456085205,5.242100715637207
3.67463755607605,4.2286577224731445,5.24409818649292
3.67463755607605,4.2286577224731445,5.24409818649292
3.6756820678710938,4.2305779457092285,5.246181964874268
3.6756820678710938,4.2305779457092285,5.246181964874268
3.67499041557312,4.231440544128418,5.247994422912598
3.6758692264556885,4.232221603393555,5.249610424041748
3.6758692264556885,4.232221603393555,5.249610424041748
3.675830125808716,4.232391834259033,5.250792980194092
3.67610502243042,4.233052730560303,5.254589080810547
3.67610502243042,4.233052730560303,5.254589080810547
3.677647113800049,4.2345499992370605,5.259678840637207
3.677647113800049,4.2345499992370605,5.259678840637207
3.6791129112243652,4.236347198486328,5.262967109680176
3.6806492805480957,4.237203121185303,5.265743255615234
3.6806492805480957,4.237203121185303,5.265743255615234
3.6822619438171387,4.238990306854248,5.268043041229248
3.6822619438171387,4.238990306854248,5.268043041229248
3.6833159923553467,4.240920066833496,5.2720537185668945
3.6833159923553467,4.240920066833496,5.2720537185668945
3.6842143535614014,4.242744445800781,5.275392055511475
3.685455799102783,4.245661735534668,5.278851509094238
3.685455799102783,4.245661735534668,5.278851509094238
3.6862614154815674,4.247674465179443,5.281737804412842
3.6870787143707275,4.249220848083496,5.282532215118408
3.6870787143707275,4.249220848083496,5.282532215118408
3.6894781589508057,4.250791549682617,5.284905910491943
3.6894781589508057,4.250791549682617,5.284905910491943
3.690541982650757,4.253118515014648,5.290382385253906
3.690541982650757,4.253118515014648,5.290382385253906
3.6905903816223145,4.2554612159729,5.2956085205078125
3.693202018737793,4.260247230529785,5.303969860076904
3.693202018737793,4.260247230529785,5.303969860076904
3.6957852840423584,4.26435661315918,5.312015533447266
3.6957852840423584,4.26435661315918,5.312015533447266
3.697066068649292,4.266637802124023,5.316331386566162
3.697824716567993,4.268503665924072,5.3199028968811035
3.697824716567993,4.268503665924072,5.3199028968811035
3.6988978385925293,4.270378589630127,5.323052883148193
3.699342966079712,4.272413730621338,5.326374530792236
3.699342966079712,4.272413730621338,5.326374530792236
3.700392007827759,4.2739081382751465,5.328804969787598
3.700392007827759,4.2739081382751465,5.328804969787598
3.7015316486358643,4.275768756866455,5.331436634063721
3.702427625656128,4.277443885803223,5.3327813148498535
3.702427625656128,4.277443885803223,5.3327813148498535
3.703836441040039,4.279270172119141,5.335314750671387
3.703836441040039,4.279270172119141,5.335314750671387
3.703111410140991,4.280279159545898,5.336187839508057
3.703111410140991,4.280279159545898,5.336187839508057
3.703850269317627,4.282406330108643,5.337766647338867
3.704038619995117,4.282886028289795,5.341148376464844
3.704038619995117,4.282886028289795,5.341148376464844
3.7038912773132324,4.283858299255371,5.344892501831055
3.7038912773132324,4.283858299255371,5.344892501831055
3.7044928073883057,4.284770488739014,5.348123550415039
3.7078843116760254,4.286077976226807,5.352985858917236
3.7078843116760254,4.286077976226807,5.352985858917236
3.7090768814086914,4.286900043487549,5.356731414794922
3.7090768814086914,4.286900043487549,5.356731414794922
3.710134506225586,4.287331581115723,5.362083435058594
3.711686849594116,4.288928031921387,5.368101119995117
3.711686849594116,4.288928031921387,5.368101119995117
3.7139973640441895,4.291268825531006,5.372628688812256
3.715421676635742,4.293025493621826,5.378521919250488
3.715421676635742,4.293025493621826,5.378521919250488
3.716541290283203,4.2947187423706055,5.3822150230407715
3.716541290283203,4.2947187423706055,5.3822150230407715
3.716398000717163,4.296536922454834,5.38547945022583
3.716398000717163,4.296536922454834,5.38547945022583
3.714855194091797,4.29904317855835,5.388792514801025
3.7150561809539795,4.302684307098389,5.392126083374023
3.7150561809539795,4.302684307098389,5.392126083374023
3.715397834777832,4.3050665855407715,5.394405841827393
3.715463161468506,4.306634426116943,5.3974409103393555
3.715463161468506,4.306634426116943,5.3974409103393555
3.714468240737915,4.307605266571045,5.399907112121582
3.714468240737915,4.307605266571045,5.399907112121582
3.714897871017456,4.309710502624512,5.403365612030029
3.714897871017456,4.309710502624512,5.403365612030029
3.714958429336548,4.31196403503418,5.4085822105407715
3.715426206588745,4.3139777183532715,5.41317081451416
3.715426206588745,4.3139777183532715,5.41317081451416
3.7155661582946777,4.316390514373779,5.418154239654541
3.7155661582946777,4.316390514373779,5.418154239654541
3.715799570083618,4.318320274353027,5.423206329345703
3.714973211288452,4.318977355957031,5.426434516906738
3.714973211288452,4.318977355957031,5.426434516906738
3.714613437652588,4.318922996520996,5.428832530975342
3.714613437652588,4.318922996520996,5.428832530975342
3.714103937149048,4.318302154541016,5.43381404876709
3.7138922214508057,4.318779468536377,5.433073043823242
3.7138922214508057,4.318779468536377,5.433073043823242
3.7146167755126953,4.319268226623535,5.43287467956543
3.7158126831054688,4.320093154907227,5.4329023361206055
3.7158126831054688,4.320093154907227,5.4329023361206055
3.7185137271881104,4.320861339569092,5.4336724281311035
3.7185137271881104,4.320861339569092,5.4336724281311035
3.719620943069458,4.32113790512085,5.435805320739746
3.719620943069458,4.32113790512085,5.435805320739746
3.7181990146636963,4.321898937225342,5.438855171203613
3.7195839881896973,4.323503494262695,5.44162654876709
3.7195839881896973,4.323503494262695,5.44162654876709
3.7213661670684814,4.325993537902832,5.444882392883301
3.7202420234680176,4.327648639678955,5.448641777038574
3.7202420234680176,4.327648639678955,5.448641777038574
3.7194695472717285,4.328611373901367,5.4506988525390625
3.7194695472717285,4.328611373901367,5.4506988525390625
3.7196784019470215,4.329452037811279,5.452883243560791
3.7196784019470215,4.329452037811279,5.452883243560791
3.723723888397217,4.331080913543701,5.459196090698242
3.7237331867218018,4.331867218017578,5.459461688995361
3.7237331867218018,4.331867218017578,5.459461688995361
3.7236831188201904,4.332129001617432,5.460559368133545
3.7236831188201904,4.332129001617432,5.460559368133545
3.7231831550598145,4.331724643707275,5.460042476654053
3.7231502532958984,4.3318891525268555,5.463571548461914
3.7231502532958984,4.3318891525268555,5.463571548461914
3.7251038551330566,4.333698749542236,5.469242572784424
3.7251038551330566,4.333698749542236,5.469242572784424
3.7280194759368896,4.337188720703125,5.474337100982666
3.729444742202759,4.338943958282471,5.479152679443359
3.729444742202759,4.338943958282471,5.479152679443359
3.730030059814453,4.3396196365356445,5.4811906814575195
3.730030059814453,4.3396196365356445,5.4811906814575195
3.7299673557281494,4.339285373687744,5.481594085693359
3.7322700023651123,4.339970111846924,5.48181676864624
3.7322700023651123,4.339970111846924,5.48181676864624
3.733816623687744,4.340371131896973,5.48355770111084
3.7347118854522705,4.340778827667236,5.484539985656738
3.7347118854522705,4.340778827667236,5.484539985656738
3.73432993888855,4.340684413909912,5.485608100891113
3.73432993888855,4.340684413909912,5.485608100891113
3.7353694438934326,4.341269493103027,5.487832546234131
3.7353694438934326,4.341269493103027,5.487832546234131
3.7370543479919434,4.342515468597412,5.492126941680908
3.7385458946228027,4.343981742858887,5.49659538269043
3.7385458946228027,4.343981742858887,5.49659538269043
3.7391343116760254,4.345290184020996,5.50039005279541
3.7391343116760254,4.345290184020996,5.50039005279541
3.737722635269165,4.346696376800537,5.5035505294799805
3.735846996307373,4.347532749176025,5.506449222564697
3.735846996307373,4.347532749176025,5.506449222564697
3.7364861965179443,4.348704814910889,5.507838249206543
3.7364861965179443,4.348704814910889,5.507838249206543
3.7386231422424316,4.350273132324219,5.511066436767578
3.7391088008880615,4.350631237030029,5.513983249664307
3.7391088008880615,4.350631237030029,5.513983249664307
3.7393927574157715,4.351121425628662,5.514646053314209
3.7410812377929688,4.351190090179443,5.515774250030518
3.7410812377929688,4.351190090179443,5.515774250030518
3.742098331451416,4.350835800170898,5.517470359802246
3.742098331451416,4.350835800170898,5.517470359802246
3.742940902709961,4.351411819458008,5.521471977233887
3.742856025695801,4.352000713348389,5.526149272918701
3.742856025695801,4.352000713348389,5.526149272918701
3.744121551513672,4.352814197540283,5.528995037078857
3.744121551513672,4.352814197540283,5.528995037078857
3.744441509246826,4.35288667678833,5.535093307495117
3.744441509246826,4.35288667678833,5.535093307495117
3.7438299655914307,4.3545613288879395,5.538035869598389
3.744149923324585,4.355265140533447,5.541390895843506
3.744149923324585,4.355265140533447,5.541390895843506
3.744225025177002,4.356505870819092,5.544559001922607
3.744225025177002,4.356505870819092,5.544559001922607
3.7451906204223633,4.3580851554870605,5.548285007476807
3.746157646179199,4.359492778778076,5.550952911376953
3.746157646179199,4.359492778778076,5.550952911376953
3.7457568645477295,4.36057186126709,5.552724838256836
3.7457568645477295,4.36057186126709,5.552724838256836
3.7454051971435547,4.361157417297363,5.555583953857422
3.7456703186035156,4.361599445343018,5.557470798492432
3.7456703186035156,4.361599445343018,5.557470798492432
3.747203826904297,4.362410068511963,5.558112144470215
3.747203826904297,4.362410068511963,5.558112144470215
3.7481908798217773,4.362966060638428,5.558230876922607
3.7510263919830322,4.3638834953308105,5.559903621673584
3.7510263919830322,4.3638834953308105,5.559903621673584
3.751621723175049,4.364190578460693,5.561033248901367
3.753370523452759,4.364357948303223,5.5640339851379395
3.753370523452759,4.364357948303223,5.5640339851379395
3.7538161277770996,4.364858150482178,5.566263198852539
3.7538161277770996,4.364858150482178,5.566263198852539
3.755539894104004,4.366047382354736,5.570930004119873
3.7560014724731445,4.367685317993164,5.576000213623047
3.7560014724731445,4.367685317993164,5.576000213623047
3.7558319568634033,4.369003772735596,5.580201148986816
3.7558319568634033,4.369003772735596,5.580201148986816
3.7553462982177734,4.371449947357178,5.5839948654174805
3.7568740844726562,4.373239040374756,5.587189197540283
3.7568740844726562,4.373239040374756,5.587189197540283
3.75740122795105,4.373911380767822,5.590799808502197
3.75740122795105,4.373911380767822,5.590799808502197
3.7576756477355957,4.374367713928223,5.592765808105469
3.759230136871338,4.374813079833984,5.592843055725098
3.759230136871338,4.374813079833984,5.592843055725098
3.7601752281188965,4.375284671783447,5.593512058258057
3.7601752281188965,4.375284671783447,5.593512058258057
3.76171612739563,4.376265525817871,5.596724510192871
3.7640380859375,4.377877712249756,5.599389553070068
3.7640380859375,4.377877712249756,5.599389553070068
3.7664549350738525,4.378720283508301,5.602610111236572
3.7664549350738525,4.378720283508301,5.602610111236572
3.7681570053100586,4.379922389984131,5.605790615081787
3.7681570053100586,4.379922389984131,5.605790615081787
3.7689504623413086,4.381303787231445,5.607913017272949
3.7698378562927246,4.382478713989258,5.6098103523254395
3.7698378562927246,4.382478713989258,5.6098103523254395
3.769108772277832,4.382575988769531,5.610311031341553
3.769108772277832,4.382575988769531,5.610311031341553
3.7698185443878174,4.3821587562561035,5.610522747039795
3.770444869995117,4.382111072540283,5.609169960021973
3.770444869995117,4.382111072540283,5.609169960021973
3.771592378616333,4.3819098472595215,5.608836650848389
3.771592378616333,4.3819098472595215,5.608836650848389
3.7720186710357666,4.3820037841796875,5.608825206756592
3.7751381397247314,4.3827738761901855,5.611489295959473
3.7751381397247314,4.3827738761901855,5.611489295959473
3.7776143550872803,4.384648323059082,5.614658832550049
3.7776143550872803,4.384648323059082,5.614658832550049
3.7786741256713867,4.386828899383545,5.6218366622924805
3.777949094772339,4.389557838439941,5.6308488845825195
3.777949094772339,4.389557838439941,5.6308488845825195
3.778000831604004,4.39127779006958,5.636849880218506
3.778000831604004,4.39127779006958,5.636849880218506
3.7778027057647705,4.392467021942139,5.639667510986328
3.7773871421813965,4.393749237060547,5.641740798950195
3.7773871421813965,4.393749237060547,5.641740798950195
3.7778515815734863,4.394515514373779,5.64291524887085
3.77740478515625,4.395650863647461,5.6467180252075195
3.77740478515625,4.395650863647461,5.6467180252075195
3.778130531311035,4.397580146789551,5.652260780334473
3.778130531311035,4.397580146789551,5.652260780334473
3.7806267738342285,4.4001545906066895,5.658571720123291
3.783205986022949,4.402902126312256,5.665013313293457
3.783205986022949,4.402902126312256,5.665013313293457
3.783966541290283,4.404747009277344,5.669641971588135
3.783966541290283,4.404747009277344,5.669641971588135
3.7843329906463623,4.405632495880127,5.672647953033447
3.7860493659973145,4.406954765319824,5.67356014251709
3.7860493659973145,4.406954765319824,5.67356014251709
3.787904977798462,4.407431602478027,5.674490451812744
3.787904977798462,4.407431602478027,5.674490451812744
3.78822660446167,4.407480239868164,5.673623085021973
3.788156032562256,4.406574249267578,5.673839092254639
3.788156032562256,4.406574249267578,5.673839092254639
3.790044069290161,4.407370090484619,5.6735734939575195
3.790044069290161,4.407370090484619,5.6735734939575195
3.7907931804656982,4.407227039337158,5.67557954788208
3.790482521057129,4.407476425170898,5.675234794616699
3.790482521057129,4.407476425170898,5.675234794616699
3.791734218597412,4.408852577209473,5.678864002227783
3.791734218597412,4.408852577209473,5.678864002227783
3.79638671875,4.411909580230713,5.682855129241943
3.79638671875,4.411909580230713,5.682855129241943
3.7971630096435547,4.412884712219238,5.686216354370117
3.7973315715789795,4.413801670074463,5.686817646026611
3.7973315715789795,4.413801670074463,5.686817646026611
3.796191453933716,4.413257122039795,5.687812328338623
3.796191453933716,4.413257122039795,5.687812328338623
3.795912504196167,4.413821697235107,5.689919948577881
3.7976036071777344,4.414920330047607,5.69384765625
3.7976036071777344,4.414920330047607,5.69384765625
3.7983858585357666,4.415611267089844,5.696646213531494
3.7983858585357666,4.415611267089844,5.696646213531494
3.7982406616210938,4.41635799407959,5.699957847595215
3.7984724044799805,4.417459011077881,5.704853057861328
3.7984724044799805,4.417459011077881,5.704853057861328
3.799414873123169,4.419607162475586,5.708499908447266
3.799414873123169,4.419607162475586,5.708499908447266
3.800790309906006,4.422194957733154,5.714016914367676
3.8023874759674072,4.425408363342285,5.717365264892578
3.8023874759674072,4.425408363342285,5.717365264892578
3.802036762237549,4.42686653137207,5.71863317489624
3.802036762237549,4.42686653137207,5.71863317489624
3.8021159172058105,4.428663730621338,5.718820095062256
3.804996967315674,4.430047035217285,5.724160194396973
3.804996967315674,4.430047035217285,5.724160194396973
3.806075096130371,4.4321064949035645,5.727605819702148
3.8065223693847656,4.432681083679199,5.732326030731201
3.8065223693847656,4.432681083679199,5.732326030731201
3.8073723316192627,4.433642864227295,5.7359619140625
3.8073723316192627,4.433642864227295,5.7359619140625
3.809485912322998,4.435959815979004,5.740293025970459
3.809485912322998,4.435959815979004,5.740293025970459
3.8125433921813965,4.439175605773926,5.748495578765869
3.813488245010376,4.44174861907959,5.756294250488281
3.813488245010376,4.44174861907959,5.756294250488281
3.8136072158813477,4.443219184875488,5.760944366455078
3.813196897506714,4.44437313079834,5.764822006225586
3.813196897506714,4.44437313079834,5.764822006225586
3.814207077026367,4.445885181427002,5.765809535980225
3.814207077026367,4.445885181427002,5.765809535980225
3.815000057220459,4.4467668533325195,5.765193462371826
3.815000057220459,4.4467668533325195,5.765193462371826
3.8153536319732666,4.447377681732178,5.764645576477051
3.8156001567840576,4.448449611663818,5.765209674835205
3.8156001567840576,4.448449611663818,5.765209674835205
3.8180062770843506,4.449596405029297,5.766913890838623
3.8184001445770264,4.450664043426514,5.768314361572266
3.8184001445770264,4.450664043426514,5.768314361572266
3.8193752765655518,4.44948148727417,5.770156383514404
3.8193752765655518,4.44948148727417,5.770156383514404
3.820312261581421,4.4494524002075195,5.773383140563965
3.820312261581421,4.4494524002075195,5.773383140563965
3.821913003921509,4.449881553649902,5.77570104598999
3.8232836723327637,4.450636863708496,5.779012203216553
3.8232836723327637,4.450636863708496,5.779012203216553
3.824824571609497,4.451041221618652,5.782645225524902
3.8258395195007324,4.451550483703613,5.7859978675842285
3.8258395195007324,4.451550483703613,5.7859978675842285
3.828148365020752,4.452674388885498,5.789557456970215
3.8301823139190674,4.454646587371826,5.794774532318115
3.8301823139190674,4.454646587371826,5.794774532318115
3.8323352336883545,4.456841945648193,5.7987284660339355
3.8323352336883545,4.456841945648193,5.7987284660339355
3.8362128734588623,4.458868503570557,5.803734302520752
3.8362128734588623,4.458868503570557,5.803734302520752
3.8367626667022705,4.460690021514893,5.806976795196533
3.8367626667022705,4.460690021514893,5.806976795196533
3.8367233276367188,4.4623703956604,5.809603214263916
3.8360090255737305,4.463077545166016,5.81077241897583
3.8360090255737305,4.463077545166016,5.81077241897583
3.8371713161468506,4.463729381561279,5.8128981590271
3.8375937938690186,4.464869022369385,5.815948963165283
3.8375937938690186,4.464869022369385,5.815948963165283
3.838207960128784,4.465743064880371,5.818653583526611
3.838207960128784,4.465743064880371,5.818653583526611
3.840364694595337,4.467195987701416,5.822877883911133
3.840364694595337,4.467195987701416,5.822877883911133
3.8420827388763428,4.468106269836426,5.828321933746338
3.843040704727173,4.469573020935059,5.833429336547852
3.843040704727173,4.469573020935059,5.833429336547852
3.8443198204040527,4.470712184906006,5.8371381759643555
3.8443198204040527,4.470712184906006,5.8371381759643555
3.844189405441284,4.4714155197143555,5.8402485847473145
3.844315767288208,4.472413063049316,5.842345714569092
3.844315767288208,4.472413063049316,5.842345714569092
3.844191789627075,4.473179817199707,5.843752861022949
3.844191789627075,4.473179817199707,5.843752861022949
3.8440449237823486,4.473602294921875,5.846358776092529
3.8446102142333984,4.475442886352539,5.84756326675415
3.8446102142333984,4.475442886352539,5.84756326675415
3.846743583679199,4.475843906402588,5.850365161895752
3.846743583679199,4.475843906402588,5.850365161895752
3.846951484680176,4.475927352905273,5.849773406982422
3.8461310863494873,4.474795341491699,5.851125240325928
3.8461310863494873,4.474795341491699,5.851125240325928
3.84633731842041,4.474656581878662,5.852376937866211
3.84633731842041,4.474656581878662,5.852376937866211
3.8474438190460205,4.475321292877197,5.854327201843262
3.8472604751586914,4.4759111404418945,5.856591701507568
3.8472604751586914,4.4759111404418945,5.856591701507568
3.8468141555786133,4.476172924041748,5.8580193519592285
3.8468141555786133,4.476172924041748,5.8580193519592285
3.8474791049957275,4.476872444152832,5.858681678771973
3.848356246948242,4.47816276550293,5.858799934387207
3.848356246948242,4.47816276550293,5.858799934387207
3.8490564823150635,4.479126930236816,5.8604350090026855
3.8490564823150635,4.479126930236816,5.8604350090026855
3.8486146926879883,4.479556083679199,5.861140727996826
3.8483803272247314,4.481083393096924,5.860663414001465
3.8483803272247314,4.481083393096924,5.860663414001465
3.84761118888855,4.482144355773926,5.862115383148193
3.8472907543182373,4.482467174530029,5.871182441711426
3.8472907543182373,4.482467174530029,5.871182441711426
3.8487815856933594,4.484556198120117,5.873394966125488
3.8487815856933594,4.484556198120117,5.873394966125488
3.8509645462036133,4.485747814178467,5.875003337860107
3.8509645462036133,4.485747814178467,5.875003337860107
3.851524591445923,4.486456871032715,5.875836372375488
3.854658842086792,4.488108158111572,5.879588603973389
3.854658842086792,4.488108158111572,5.879588603973389
3.8572609424591064,4.490322113037109,5.885643005371094
3.8572609424591064,4.490322113037109,5.885643005371094
3.859577178955078,4.492543697357178,5.889820098876953
3.86124849319458,4.493951320648193,5.890959739685059
3.86124849319458,4.493951320648193,5.890959739685059
3.8628792762756348,4.494278907775879,5.892459392547607
3.8628792762756348,4.494278907775879,5.892459392547607
3.8653526306152344,4.495739936828613,5.893447399139404
3.867300510406494,4.496893405914307,5.895495414733887
3.867300510406494,4.496893405914307,5.895495414733887
3.866873025894165,4.497337818145752,5.897583961486816
3.866873025894165,4.497337818145752,5.897583961486816
3.8645119667053223,4.4975385665893555,5.897732734680176
3.863469123840332,4.497091293334961,5.898950099945068
3.863469123840332,4.497091293334961,5.898950099945068
3.8649256229400635,4.497220993041992,5.90000057220459
3.863725185394287,4.497445106506348,5.902047634124756
3.863725185394287,4.497445106506348,5.902047634124756
3.863736629486084,4.4989423751831055,5.90609884262085
3.8648009300231934,4.50096321105957,5.9115376472473145
3.8648009300231934,4.50096321105957,5.9115376472473145
3.866769552230835,4.502819061279297,5.914789199829102
3.866769552230835,4.502819061279297,5.914789199829102
3.8667807579040527,4.5040693283081055,5.918959617614746
3.8664894104003906,4.504788875579834,5.923811435699463
3.8664894104003906,4.504788875579834,5.923811435699463
3.867716073989868,4.506530284881592,5.928377151489258
3.867716073989868,4.506530284881592,5.928377151489258
3.8711588382720947,4.5091142654418945,5.935029029846191
3.8729281425476074,4.510436534881592,5.939144611358643
3.8729281425476074,4.510436534881592,5.939144611358643
3.8718693256378174,4.511300086975098,5.940854549407959
3.8718693256378174,4.511300086975098,5.940854549407959
3.871462821960449,4.51192045211792,5.942251682281494
3.8742291927337646,4.514078617095947,5.946369647979736
3.8742291927337646,4.514078617095947,5.946369647979736
3.8783557415008545,4.5171332359313965,5.954625129699707
3.8783557415008545,4.5171332359313965,5.954625129699707
3.881448268890381,4.519481658935547,5.95986795425415
3.88279128074646,4.521371364593506,5.962841510772705
3.88279128074646,4.521371364593506,5.962841510772705
3.8815839290618896,4.5223212242126465,5.966133117675781
3.8815839290618896,4.5223212242126465,5.966133117675781
3.883542060852051,4.52413272857666,5.970087051391602
3.8858373165130615,4.526392459869385,5.9726409912109375
3.8858373165130615,4.526392459869385,5.9726409912109375
3.8883275985717773,4.529160499572754,5.974658012390137
3.8883275985717773,4.529160499572754,5.974658012390137
3.890404224395752,4.531478404998779,5.976217746734619
3.8900530338287354,4.531885623931885,5.977004528045654
3.8900530338287354,4.531885623931885,5.977004528045654
3.890580654144287,4.5321502685546875,5.977762699127197
3.890580654144287,4.5321502685546875,5.977762699127197
3.892786979675293,4.532692909240723,5.981471061706543
3.8947269916534424,4.533349990844727,5.985649585723877
3.8947269916534424,4.533349990844727,5.985649585723877
3.8965213298797607,4.5347161293029785,5.990875720977783
3.8965213298797607,4.5347161293029785,5.990875720977783
3.8994357585906982,4.537113189697266,5.997403621673584
3.9038918018341064,4.539524555206299,6.003265380859375
3.9038918018341064,4.539524555206299,6.003265380859375
3.906219959259033,4.5400824546813965,6.005969047546387
3.906219959259033,4.5400824546813965,6.005969047546387
3.9042086601257324,4.5384697914123535,6.009255409240723
3.90438175201416,4.539302825927734,6.0128679275512695
3.90438175201416,4.539302825927734,6.0128679275512695
3.906989574432373,4.540787696838379,6.018527030944824
3.906989574432373,4.540787696838379,6.018527030944824
3.9103848934173584,4.542892932891846,6.0238776206970215
3.909604549407959,4.544246196746826,6.026864528656006
3.909604549407959,4.544246196746826,6.026864528656006
3.908755302429199,4.544600486755371,6.029237270355225
3.908755302429199,4.544600486755371,6.029237270355225
3.9086084365844727,4.545166015625,6.033813953399658
3.906445264816284,4.545806884765625,6.040530204772949
3.906445264816284,4.545806884765625,6.040530204772949
3.905745267868042,4.546754360198975,6.045670509338379
3.905745267868042,4.546754360198975,6.045670509338379
3.9063382148742676,4.547310829162598,6.047279357910156
3.9066553115844727,4.548576354980469,6.043452739715576
3.9066553115844727,4.548576354980469,6.043452739715576
3.904837131500244,4.548701286315918,6.044795513153076
3.904837131500244,4.548701286315918,6.044795513153076
3.9068973064422607,4.549905776977539,6.0486602783203125
3.9085190296173096,4.551238536834717,6.052369594573975
3.9085190296173096,4.551238536834717,6.052369594573975
3.9086060523986816,4.551666259765625,6.056002140045166
3.9086060523986816,4.551666259765625,6.056002140045166
3.9089505672454834,4.552116394042969,6.0601043701171875
3.911492109298706,4.553625583648682,6.064791202545166
3.911492109298706,4.553625583648682,6.064791202545166
3.9126296043395996,4.55549955368042,6.070374488830566
3.9126296043395996,4.55549955368042,6.070374488830566
3.9147162437438965,4.557199954986572,6.076107978820801
3.9162259101867676,4.558141708374023,6.079458236694336
3.9162259101867676,4.558141708374023,6.079458236694336
3.9156765937805176,4.55784273147583,6.0822834968566895
3.9156765937805176,4.55784273147583,6.0822834968566895
3.9165425300598145,4.558125972747803,6.085589408874512
3.920944929122925,4.560610294342041,6.088413715362549
3.920944929122925,4.560610294342041,6.088413715362549
3.920506000518799,4.560368061065674,6.089859485626221
3.920506000518799,4.560368061065674,6.089859485626221
3.918856382369995,4.559755802154541,6.090972900390625
3.9188973903656006,4.559256076812744,6.090769290924072
3.9188973903656006,4.559256076812744,6.090769290924072
3.91792631149292,4.559326171875,6.092588901519775
3.91792631149292,4.559326171875,6.092588901519775
3.916735887527466,4.559318542480469,6.096373558044434
3.9169557094573975,4.559730052947998,6.100743293762207
3.9169557094573975,4.559730052947998,6.100743293762207
3.9179751873016357,4.560420036315918,6.103058815002441
3.9179751873016357,4.560420036315918,6.103058815002441
3.9194154739379883,4.561340808868408,6.107595920562744
3.919332265853882,4.56238317489624,6.108880996704102
3.919332265853882,4.56238317489624,6.108880996704102
3.9189696311950684,4.561929225921631,6.11093807220459
3.9189696311950684,4.561929225921631,6.11093807220459
3.9196555614471436,4.561680793762207,6.112785816192627
3.9202516078948975,4.563042640686035,6.113715171813965
3.9202516078948975,4.563042640686035,6.113715171813965
3.9239039421081543,4.5636186599731445,6.121072292327881
3.9239039421081543,4.5636186599731445,6.121072292327881
3.9324092864990234,4.562244892120361,6.134040355682373
3.942199230194092,4.561730861663818,6.143706321716309
3.942199230194092,4.561730861663818,6.143706321716309
3.9375,4.565269947052002,6.136412620544434
3.9375,4.565269947052002,6.136412620544434
3.9388508796691895,4.564261436462402,6.137386322021484
3.9396541118621826,4.564909934997559,6.134056091308594
3.9396541118621826,4.564909934997559,6.134056091308594
3.9405949115753174,4.565510272979736,6.133914947509766
3.9405949115753174,4.565510272979736,6.133914947509766
3.937972068786621,4.566177845001221,6.13474702835083
3.936246633529663,4.566397666931152,6.136435508728027
3.936246633529663,4.566397666931152,6.136435508728027
3.9349522590637207,4.566997051239014,6.1352219581604
3.9349522590637207,4.566997051239014,6.1352219581604
3.934436321258545,4.567388534545898,6.135926723480225
3.9306414127349854,4.5690388679504395,6.134504795074463
3.9306414127349854,4.5690388679504395,6.134504795074463
3.9276955127716064,4.569870948791504,6.133734703063965
3.9276955127716064,4.569870948791504,6.133734703063965
3.920144557952881,4.570516109466553,6.136606216430664
3.912853717803955,4.572728157043457,6.131112098693848
3.912853717803955,4.572728157043457,6.131112098693848
3.912853717803955,4.572728157043457,6.131112098693848
